{"cameraMode":{"drawMode":0,"name":"Shaded","section":"Shading Mode"},"sceneLighting":false,"audioPlay":false,"sceneViewState":{"showFog":true,"showMaterialUpdate":false,"showSkybox":false,"showFlares":true,"showImageEffects":true,"showParticleSystems":true},"in2DMode":false,"pivot":{"x":0.40348243713378909,"y":12.378015518188477,"z":-0.4836235046386719},"rotation":{"x":0.08481965214014054,"y":0.7389719486236572,"z":-0.09473375976085663,"w":0.661628007888794},"size":52.14237594604492,"orthographic":false}