{"cameraMode":{"drawMode":0,"name":"Shaded","section":"Shading Mode"},"sceneLighting":false,"audioPlay":false,"sceneViewState":{"showFog":true,"showMaterialUpdate":false,"showSkybox":false,"showFlares":true,"showImageEffects":true,"showParticleSystems":true},"in2DMode":false,"pivot":{"x":0.40348243713378909,"y":12.378015518188477,"z":-0.4836235046386719},"rotation":{"x":0.38106533885002139,"y":-0.23372504115104676,"z":0.10019826889038086,"w":0.8888881802558899},"size":77.48854064941406,"orthographic":false}